"m";"condition";"task";"participant";"modelz";"modelX";"y"
"apr";"str";"crazy";"Co1";1919.70557132138;115.733835648806;133.0655385
"aug";"str";"crazy";"Co1";1917.25289190132;151.464922412821;-52.356635
"dec";"str";"crazy";"Co1";1917.10469929055;353.195715830806;-384.58228
"feb";"str";"crazy";"Co1";2148.90094342824;53.4833627766083;572.933243333333
"jan";"str";"crazy";"Co1";2394.12777872416;344.789989979859;450.9007175
"jul";"str";"crazy";"Co1";2237.26892204077;310.260606441733;104.4222525
"jun";"str";"crazy";"Co1";2122.39223522171;173.463609405891;326.281425
"mar";"str";"crazy";"Co1";2022.33463464789;155.430395449715;352.268465
"may";"str";"crazy";"Co1";2180.62014237161;293.209806519028;287.7474175
"nov";"str";"crazy";"Co1";2207.8192645717;444.859722207943;-400.81534
"oct";"str";"crazy";"Co1";1716.71251263161;-282.538545778646;-329.72184
"sep";"str";"crazy";"Co1";1637.1834657754;-330.954894262655;-175.796446666667
"apr";"str";"month";"Co1";2455.68092551617;576.048764256639;-250.959224
"aug";"str";"month";"Co1";1651.72875538414;-201.033348190304;-401.4266475
"dec";"str";"month";"Co1";2119.66286235491;41.3336955819538;578.131525
"feb";"str";"month";"Co1";2444.59538269781;465.143314160772;397.839066666667
"jan";"str";"month";"Co1";2243.19503017817;356.845354497359;515.004115
"jul";"str";"month";"Co1";1690.85330592738;38.9095282099147;-533.442805
"jun";"str";"month";"Co1";1796.70857853236;344.286764239701;-544.7154
"mar";"str";"month";"Co1";2613.44746335477;530.168549113516;99.2491675
"may";"str";"month";"Co1";2054.3074306619;466.003263251223;-533.8987025
"nov";"str";"month";"Co1";1888.52053238992;-63.5900739412333;525.494475
"oct";"str";"month";"Co1";1667.70055985623;-280.874512568991;322.0934625
"sep";"str";"month";"Co1";1718.28488948178;-313.728783123457;39.470053
"apr";"str";"crazy";"Co10";2115.58321658675;327.521383490879;179.0616025
"aug";"str";"crazy";"Co10";2034.17132763075;303.031590420387;-10.45608375
"dec";"str";"crazy";"Co10";1903.16150709904;47.2174230092579;-261.8581575
"feb";"str";"crazy";"Co10";2114.21325730228;292.917405490638;440.2979575
"jan";"str";"crazy";"Co10";2006.12704936173;208.165721329247;485.5893375
"jul";"str";"crazy";"Co10";1848.19439529341;69.678503743555;196.6040925
"jun";"str";"crazy";"Co10";1896.00029307207;104.756479460855;237.5529575
"mar";"str";"crazy";"Co10";2028.94936349712;277.657083022944;283.889395
"may";"str";"crazy";"Co10";1787.62045881083;136.030234483954;226.313675
"nov";"str";"crazy";"Co10";1732.95874642399;133.34087051433;-136.9474825
"oct";"str";"crazy";"Co10";2182.8293118939;517.804058724484;-210.8973675
"sep";"str";"crazy";"Co10";2332.6537235934;519.843153155993;11.38555125
"apr";"str";"month";"Co10";1846.78027365492;-24.3666062303743;149.6211775
"aug";"str";"month";"Co10";1981.78106938314;183.466187960054;34.40548065
"dec";"str";"month";"Co10";2251.93232617699;336.944825858124;-214.9776775
"feb";"str";"month";"Co10";2027.21778397112;179.405427864978;442.7175675
"jan";"str";"month";"Co10";1849.22722727782;-72.8313408529079;423.68457
"jul";"str";"month";"Co10";1937.25827952646;130.458116729138;32.90239425
"jun";"str";"month";"Co10";2090.96706530223;277.44938808364;124.58668
"mar";"str";"month";"Co10";2218.61268213332;343.223161560902;319.8049675
"may";"str";"month";"Co10";1905.5828646939;92.0651874753064;92.31421
"nov";"str";"month";"Co10";2004.78394917479;180.306116847809;-195.75405
"oct";"str";"month";"Co10";1820.67718464335;-65.3189376468657;-217.57268
"sep";"str";"month";"Co10";2175.23126745005;356.410289372564;-41.7803235
"apr";"str";"crazy";"Co2";1775.99342740801;218.801958369542;162.3717925
"aug";"str";"crazy";"Co2";1669.77617458522;275.572818610253;13.33321605
"dec";"str";"crazy";"Co2";1702.22348574168;146.446230265582;-156.1311725
"feb";"str";"crazy";"Co2";1684.73463493579;185.525921954623;354.59302
"jan";"str";"crazy";"Co2";1660.9767203648;143.029677682186;354.3077575
"jul";"str";"crazy";"Co2";1790.75495887358;-112.211726165114;110.4107225
"jun";"str";"crazy";"Co2";1774.74594821043;17.0897067055731;196.6731175
"mar";"str";"crazy";"Co2";1652.0117271436;142.196412444634;273.45073
"may";"str";"crazy";"Co2";1700.07435312065;-98.240528302434;203.40401
"nov";"str";"crazy";"Co2";1553.73058262766;29.0660255237713;-154.4187975
"oct";"str";"crazy";"Co2";1632.53972996251;442.690233750448;-30.46289525
"sep";"str";"crazy";"Co2";1601.9947145919;413.205878551626;171.9191275
"apr";"str";"month";"Co2";1901.78065448105;370.398582955893;260.46176
"aug";"str";"month";"Co2";1846.98217818518;333.984882970873;97.59975875
"dec";"str";"month";"Co2";1822.4138869812;251.080282319003;282.93033
"feb";"str";"month";"Co2";1896.79948714719;271.018660333625;316.028585
"jan";"str";"month";"Co2";1868.02563294817;241.891252744012;307.5801475
"jul";"str";"month";"Co2";1875.54900656237;396.846390235606;112.823824
"jun";"str";"month";"Co2";1887.98598087655;397.969656050802;154.9501475
"mar";"str";"month";"Co2";1894.66933991897;355.509093800757;294.885396666667
"may";"str";"month";"Co2";1940.40578116159;408.670156245841;229.146635
"nov";"str";"month";"Co2";1809.47357744316;240.968399905711;210.689765
"oct";"str";"month";"Co2";1780.55770233207;275.692135101403;145.51656
"sep";"str";"month";"Co2";1799.20095445571;299.638688083947;120.444736
"apr";"str";"crazy";"Co3";1673.33477961766;251.20070578582;248.61119
"aug";"str";"crazy";"Co3";1638.27395937153;300.992699282077;182.18543
"dec";"str";"crazy";"Co3";1630.09496306733;218.921044343882;134.98761
"feb";"str";"crazy";"Co3";1631.54607169378;308.053393837463;319.936505
"jan";"str";"crazy";"Co3";1632.39885661402;201.072394626761;386.2541725
"jul";"str";"crazy";"Co3";1644.91114823023;183.532648042534;221.229595
"jun";"str";"crazy";"Co3";1628.84965079848;153.682568377648;263.260835
"mar";"str";"crazy";"Co3";1645.90272336238;299.429075117499;301.0680675
"may";"str";"crazy";"Co3";1663.22562398489;205.382657703132;261.4082475
"nov";"str";"crazy";"Co3";1646.86630908681;217.307614052512;141.36984
"oct";"str";"crazy";"Co3";1625.85870172081;385.804624044511;153.4197
"sep";"str";"crazy";"Co3";1628.16705587386;395.89115279061;228.8857
"apr";"str";"month";"Co3";1576.44221073997;210.523126012459;152.9681725
"aug";"str";"month";"Co3";1885.02710669281;686.692329106513;175.5769675
"dec";"str";"month";"Co3";2139.14282306096;391.032523102128;167.0547175
"feb";"str";"month";"Co3";1698.41490431996;64.502349522748;111.59728875
"jan";"str";"month";"Co3";1791.90986341566;9.03348004848911;123.49085
"jul";"str";"month";"Co3";1685.94150405402;545.943035915612;201.830595
"jun";"str";"month";"Co3";1644.07436354545;467.306342785341;173.8181725
"mar";"str";"month";"Co3";1569.36914181591;206.985590994336;160.304721
"may";"str";"month";"Co3";1535.71191262053;386.521056326704;187.6264025
"nov";"str";"month";"Co3";2114.66093014098;451.049890533941;154.3991925
"oct";"str";"month";"Co3";2057.90865125227;521.930385649399;152.68900875
"sep";"str";"month";"Co3";1962.42018784552;581.651860713091;176.82824
"apr";"str";"crazy";"Co4";1807.56299047675;247.896647704126;111.6329
"aug";"str";"crazy";"Co4";1806.65677144159;199.260720938877;-20.256092
"dec";"str";"crazy";"Co4";1809.34942946815;75.0277117424557;-172.63168
"feb";"str";"crazy";"Co4";1786.05890894399;193.158547455602;258.20843
"jan";"str";"crazy";"Co4";1694.37344965422;142.485281474651;309.5512525
"jul";"str";"crazy";"Co4";1851.74734170383;-141.729011326736;33.5866545
"jun";"str";"crazy";"Co4";1805.02727815902;42.7748425764573;190.6308375
"mar";"str";"crazy";"Co4";1791.41458308085;188.968280046445;172.27773
"may";"str";"crazy";"Co4";1720.57926890673;-41.6731666758348;211.9822775
"nov";"str";"crazy";"Co4";1752.75341941032;-72.7850730884479;-165.06933
"oct";"str";"crazy";"Co4";1865.90667345737;360.333999445524;-145.63735375
"sep";"str";"crazy";"Co4";1920.90166082653;435.481530078499;-0.39686075
"apr";"str";"month";"Co4";1683.34271645023;-1.83507998300144;45.4654538
"aug";"str";"month";"Co4";2028.96376761581;60.5897053173602;-31.42934525
"dec";"str";"month";"Co4";1829.484249896;349.013866616268;163.5618625
"feb";"str";"month";"Co4";1595.46227829954;86.0005169911626;148.20233
"jan";"str";"month";"Co4";1610.03032555078;199.563513608522;185.3561425
"jul";"str";"month";"Co4";1847.05125641891;-13.1354683579956;-31.02817275
"jun";"str";"month";"Co4";1829.93697775269;-40.8563487420132;-29.72351625
"mar";"str";"month";"Co4";1709.74907118589;-37.6541219917614;27.688928725
"may";"str";"month";"Co4";1737.98840402964;-53.2554095815769;45.90048825
"nov";"str";"month";"Co4";1992.14726098251;369.901968074884;84.57258725
"oct";"str";"month";"Co4";2036.6128542091;324.211446700183;83.069941
"sep";"str";"month";"Co4";2083.78284803101;262.133442828771;72.70767075
"apr";"str";"crazy";"Co5";1702.50451649303;302.997859659157;133.0724875
"aug";"str";"crazy";"Co5";1687.24644085713;293.043084882159;124.99568125
"dec";"str";"crazy";"Co5";1650.92935702587;306.93058251515;83.836685
"feb";"str";"crazy";"Co5";1699.58650247464;261.896079456695;206.1670575
"jan";"str";"crazy";"Co5";1673.70198370466;244.143288670365;218.2251725
"jul";"str";"crazy";"Co5";1657.57115975632;254.882522407111;135.3536025
"jun";"str";"crazy";"Co5";1661.96320326747;273.063148151397;154.1686475
"mar";"str";"crazy";"Co5";1701.8099449473;272.604803303599;168.3910775
"may";"str";"crazy";"Co5";1632.46904933642;254.175595938153;155.5336625
"nov";"str";"crazy";"Co5";1634.50243564844;253.027001734832;104.6610525
"oct";"str";"crazy";"Co5";1696.84295220526;334.812954774282;100.478731
"sep";"str";"crazy";"Co5";1727.3611830781;333.157827103132;154.53378
"apr";"str";"month";"Co5";1761.75130989062;243.097160426822;142.225155
"aug";"str";"month";"Co5";1713.44672699908;185.600189379851;139.0071025
"dec";"str";"month";"Co5";1723.90851855139;181.212738527245;209.514905
"feb";"str";"month";"Co5";1762.05658114631;213.350393482084;196.5771875
"jan";"str";"month";"Co5";1745.69337539317;187.44124618292;225.450125
"jul";"str";"month";"Co5";1725.50275266142;203.666622682277;134.235615
"jun";"str";"month";"Co5";1732.91605838761;229.111151328727;128.1399075
"mar";"str";"month";"Co5";1785.9683681633;237.262180499071;178.6817025
"may";"str";"month";"Co5";1752.6562081378;236.830485798749;145.0402875
"nov";"str";"month";"Co5";1731.96689127755;176.896742582646;191.774865
"oct";"str";"month";"Co5";1718.30826112866;166.420092949094;184.79606
"sep";"str";"month";"Co5";1695.54639484732;173.710264868178;168.4983075
"apr";"str";"crazy";"Co6";2147.40411068459;220.042241694966;145.9372665
"aug";"str";"crazy";"Co6";2114.55385649664;405.334429503068;-30.49720575
"dec";"str";"crazy";"Co6";1796.68374588502;196.712316584762;-244.2518025
"feb";"str";"crazy";"Co6";2035.97582170993;16.69007116605;453.09979
"jan";"str";"crazy";"Co6";1973.56721784115;-55.2644742487494;526.9871225
"jul";"str";"crazy";"Co6";1745.39499754471;-56.4554177843026;19.029505
"jun";"str";"crazy";"Co6";1852.76088381525;-47.7309274892895;153.2178125
"mar";"str";"crazy";"Co6";2007.32422404599;66.5273262138176;393.923725
"may";"str";"crazy";"Co6";1776.11787501952;-85.4830633197581;141.4306225
"nov";"str";"crazy";"Co6";1614.76216215456;41.3072371488037;-220.15771
"oct";"str";"crazy";"Co6";2336.66589519956;389.151482946116;-229.92472
"sep";"str";"crazy";"Co6";2490.92246281014;397.390500241671;-44.061009
"apr";"str";"month";"Co6";2370.46536953057;283.297367992786;164.13405
"aug";"str";"month";"Co6";1730.86193970477;-294.787771869788;-141.435915
"dec";"str";"month";"Co6";1830.96749926569;-101.697670582837;462.4048175
"feb";"str";"month";"Co6";2224.45059696669;183.244536206029;393.03659
"jan";"str";"month";"Co6";2119.11548436646;138.720606787848;479.3499375
"jul";"str";"month";"Co6";1686.39602120906;25.2598553361742;-340.4531425
"jun";"str";"month";"Co6";1996.44478623733;280.861398213074;-375.0874825
"mar";"str";"month";"Co6";2243.34037067374;256.227978673848;333.1738175
"may";"str";"month";"Co6";2259.78635918552;340.909771570136;-11.78853125
"nov";"str";"month";"Co6";1713.35216030593;-188.907417951575;385.0167875
"oct";"str";"month";"Co6";1618.91264561489;-320.470038654907;140.2562
"sep";"str";"month";"Co6";1638.99018606243;-275.997314256435;-24.08022425
"apr";"str";"crazy";"Co7";1842.34966453993;128.887596859231;267.4110325
"aug";"str";"crazy";"Co7";1804.35053030038;194.833159454108;87.15329575
"dec";"str";"crazy";"Co7";1733.36604700102;-120.103163354609;-169.32678
"feb";"str";"crazy";"Co7";1874.96574087185;85.843247604192;416.1812825
"jan";"str";"crazy";"Co7";1856.10044307677;68.745716762085;480.1505325
"jul";"str";"crazy";"Co7";1807.56559351359;-238.590214715381;115.860815
"jun";"str";"crazy";"Co7";1813.2773563724;-173.481482236892;191.1635475
"mar";"str";"crazy";"Co7";1878.68666862987;89.9177287528035;390.73477
"may";"str";"crazy";"Co7";1750.19013257978;-264.145870495795;160.7701525
"nov";"str";"crazy";"Co7";1674.69948156321;-188.315670338438;-191.62862
"oct";"str";"crazy";"Co7";1984.04446957612;493.674591359783;-48.195143325
"sep";"str";"crazy";"Co7";1960.28282855239;483.347979178597;152.596105
"apr";"str";"month";"Co7";2061.69543787523;446.521212779464;42.3516135
"aug";"str";"month";"Co7";1676.5237569546;-70.8794362230528;-12.17885625
"dec";"str";"month";"Co7";1766.32988728677;22.8157814056428;421.5245675
"feb";"str";"month";"Co7";1975.45255172631;344.014870663254;363.20036
"jan";"str";"month";"Co7";1979.35148247956;253.868599518693;442.7618475
"jul";"str";"month";"Co7";1670.2134282055;-40.0666589598519;-166.18386375
"jun";"str";"month";"Co7";2035.87509894514;298.371400704103;-385.555265
"mar";"str";"month";"Co7";2023.37739741671;395.475250259586;303.3014225
"may";"str";"month";"Co7";2068.69459823075;425.589655278115;-248.914745
"nov";"str";"month";"Co7";1741.48536172512;-50.4655586672783;344.238125
"oct";"str";"month";"Co7";1699.61171259915;-77.4899653883314;241.723555
"sep";"str";"month";"Co7";1670.0876462835;-41.6066544442294;50.249979
"apr";"str";"crazy";"Co8";1752.31853282998;180.984928167784;219.256755
"aug";"str";"crazy";"Co8";1743.66336374826;175.15818621081;186.5201375
"dec";"str";"crazy";"Co8";1688.96159729781;196.470398737908;180.12833
"feb";"str";"crazy";"Co8";1762.33719824019;167.66906979884;263.701085
"jan";"str";"crazy";"Co8";1691.7557491891;123.25057165165;279.545565
"jul";"str";"crazy";"Co8";1672.85298003793;186.725742508707;222.95498
"jun";"str";"crazy";"Co8";1711.77031647447;201.955001775504;239.893115
"mar";"str";"crazy";"Co8";1744.62797230265;176.122794765201;251.5218375
"may";"str";"crazy";"Co8";1703.84558516219;178.120367886519;244.5860275
"nov";"str";"crazy";"Co8";1689.38013733713;189.817870965361;175.00995
"oct";"str";"crazy";"Co8";1715.29910458171;233.060954349019;179.1870675
"sep";"str";"crazy";"Co8";1754.68074677622;226.480655766403;207.47129
"apr";"str";"month";"Co8";1807.64450279431;352.629963637299;197.6165775
"aug";"str";"month";"Co8";1584.13811345903;229.532737230505;70.325421
"dec";"str";"month";"Co8";1660.68265822473;212.032080098398;299.053986666667
"feb";"str";"month";"Co8";1790.31837700474;334.243177675944;274.7810175
"jan";"str";"month";"Co8";1716.84934250782;258.652822835465;277.8514325
"jul";"str";"month";"Co8";1618.39518664018;269.093111270561;-12.36379025
"jun";"str";"month";"Co8";1690.50830039711;370.904709837323;6.11521225
"mar";"str";"month";"Co8";1794.75819653911;360.721158557298;239.38673
"may";"str";"month";"Co8";1766.13900893771;385.724235195878;117.85147
"nov";"str";"month";"Co8";1636.18743044937;198.143454040836;282.0303025
"oct";"str";"month";"Co8";1619.75777374721;207.876748242575;240.572873333333
"sep";"str";"month";"Co8";1593.20397015926;237.184380368364;166.4204
"apr";"str";"crazy";"Co9";1906.41171705481;173.150659500887;111.3780425
"aug";"str";"crazy";"Co9";1900.19553320967;195.572300293803;-40.9098259
"dec";"str";"crazy";"Co9";1640.19526395543;-107.207929222221;-257.4091975
"feb";"str";"crazy";"Co9";1929.03662329337;209.564147972591;336.63456
"jan";"str";"crazy";"Co9";1915.80971701296;142.597126321999;412.085775
"jul";"str";"crazy";"Co9";1661.55389804271;-174.944749564443;127.79388
"jun";"str";"crazy";"Co9";1710.98677852131;-121.62278178932;208.0278875
"mar";"str";"crazy";"Co9";1828.87126176742;76.5183211214682;230.42481
"may";"str";"crazy";"Co9";1649.24542465289;-176.646621236471;206.347655
"nov";"str";"crazy";"Co9";1625.26526642057;-207.697847280656;-163.4034375
"oct";"str";"crazy";"Co9";2033.78442178105;457.501069650546;-283.5695225
"sep";"str";"crazy";"Co9";2066.93906068956;507.626271307535;39.0667132
"apr";"str";"month";"Co9";1549.71310418511;-48.1370047715894;59.64491345
"aug";"str";"month";"Co9";2027.40439722885;73.879577335319;39.80608675
"dec";"str";"month";"Co9";1759.16612732183;373.448052721098;162.6917775
"feb";"str";"month";"Co9";1478.10606569081;51.0222443906699;110.4728135
"jan";"str";"month";"Co9";1505.64219851834;190.988355426861;135.1486765
"jul";"str";"month";"Co9";1947.16366148058;-13.4322262248172;37.333941675
"jun";"str";"month";"Co9";1820.36092229663;-125.385723003849;29.0908624
"mar";"str";"month";"Co9";1486.84347836225;33.596706158207;107.968098
"may";"str";"month";"Co9";1681.47079973946;-133.107537650907;12.823934
"nov";"str";"month";"Co9";1850.50635940335;405.391315182954;102.6004935
"oct";"str";"month";"Co9";2012.01944648386;331.791397518934;39.25470725
"sep";"str";"month";"Co9";2051.43311296113;201.145883120836;26.52842725
"apr";"str";"crazy";"Sa1";1908.84116465834;389.479908413357;36.855505
"aug";"str";"crazy";"Sa1";1897.38945543218;416.919072152449;-169.872965
"dec";"str";"crazy";"Sa1";1795.16847721767;130.496777438846;-365.5123875
"feb";"str";"crazy";"Sa1";2004.12914649885;375.519892560538;445.69593
"jan";"str";"crazy";"Sa1";1868.95086228397;280.646694873297;442.3789225
"jul";"str";"crazy";"Sa1";1859.63913775002;23.4940435334578;36.42306225
"jun";"str";"crazy";"Sa1";1806.82423447992;66.1385557235407;252.2108575
"mar";"str";"crazy";"Sa1";1903.03928851792;315.442227888428;308.614745
"may";"str";"crazy";"Sa1";1802.6711400278;-1.88985129576091;257.369353333333
"nov";"str";"crazy";"Sa1";1783.30715753232;56.0565076184858;-382.08639
"oct";"str";"crazy";"Sa1";1998.20613018585;680.370306579027;-296.238025
"sep";"str";"crazy";"Sa1";1912.03924157567;678.702678320645;98.05434625
"apr";"str";"crazy";"Sa11";1948.66849484282;296.371163734764;174.0348025
"aug";"str";"crazy";"Sa11";1974.4541774089;293.165468272197;23.68635015
"dec";"str";"crazy";"Sa11";1884.51197763495;114.481367459328;-171.8940275
"feb";"str";"crazy";"Sa11";2045.29817803628;297.894984858628;379.52197
"jan";"str";"crazy";"Sa11";2080.29750721605;195.715598488214;473.6475825
"jul";"str";"crazy";"Sa11";1879.74185296673;-45.1451422887406;56.7607355
"jun";"str";"crazy";"Sa11";1879.0859142;45.0621403269979;169.0227875
"mar";"str";"crazy";"Sa11";1984.91008035272;261.548517735412;323.3495175
"may";"str";"crazy";"Sa11";1848.66304445478;-3.74550572907219;145.882125
"nov";"str";"crazy";"Sa11";1803.43891833858;68.4100938316956;-145.033415
"oct";"str";"crazy";"Sa11";2019.89035159053;533.409560670715;-121.1703015
"sep";"str";"crazy";"Sa11";2049.97648824771;578.344939732817;5.8017324
"apr";"str";"month";"Sa11";2200.29984686638;356.730131447365;63.9557515
"aug";"str";"month";"Sa11";1899.91353230781;21.6955846106541;-88.51057875
"dec";"str";"month";"Sa11";1926.70524167766;117.076651755599;318.80464
"feb";"str";"month";"Sa11";2077.97293344766;320.316691942805;330.56926
"jan";"str";"month";"Sa11";2060.70815311347;276.888960704716;347.0242
"jul";"str";"month";"Sa11";2085.8840810619;211.201667270676;-185.4903925
"jun";"str";"month";"Sa11";2138.68081893557;314.20298660859;-108.52998325
"mar";"str";"month";"Sa11";2158.11597585337;366.872162242156;267.2404175
"may";"str";"month";"Sa11";2243.1954403001;368.866579899463;63.06960675
"nov";"str";"month";"Sa11";1883.33939129854;16.4351521003644;220.339115
"oct";"str";"month";"Sa11";1890.87499467807;-3.25285559578475;157.5217025
"sep";"str";"month";"Sa11";1872.07211496634;-13.9240073238705;99.007755
"apr";"str";"crazy";"Sa13";1886.62128883049;421.000147955678;76.869176
"aug";"str";"crazy";"Sa13";1860.77344839636;411.769316879434;1.507828875
"dec";"str";"crazy";"Sa13";1747.07018218186;211.209767709185;-92.3409233333333
"feb";"str";"crazy";"Sa13";1878.56283231217;409.406157531427;250.4516225
"jan";"str";"crazy";"Sa13";1872.25769876499;382.594927329834;248.720166
"jul";"str";"crazy";"Sa13";1790.44700326377;33.1443151495064;26.75461385
"jun";"str";"crazy";"Sa13";1785.15308335483;118.242212102251;138.738218333333
"mar";"str";"crazy";"Sa13";1842.20127941933;385.065419918759;199.3814575
"may";"str";"crazy";"Sa13";1695.5619352866;140.373935461496;165.62183
"nov";"str";"crazy";"Sa13";1673.69345128284;186.859106972428;-108.283531333333
"oct";"str";"crazy";"Sa13";1857.23821854634;522.785385581638;-95.3695275
"sep";"str";"crazy";"Sa13";1895.41682638645;596.31933248107;-60.6926115
"apr";"str";"month";"Sa14";1792.23043616747;4.52215646218838;100.77047575
"aug";"str";"month";"Sa14";2163.02470052177;368.245353004619;368.3170175
"dec";"str";"month";"Sa14";2094.69102018438;382.996719456651;-215.8112925
"feb";"str";"month";"Sa14";1818.54105748379;103.311222850128;-198.6547375
"jan";"str";"month";"Sa14";1922.50589218901;265.258813612645;-167.72038
"jul";"str";"month";"Sa14";1945.06081377135;236.548493558956;402.8019975
"jun";"str";"month";"Sa14";1842.52157810834;84.8653366034805;342.0408125
"mar";"str";"month";"Sa14";1778.22741319634;59.4620446567426;-128.331021
"may";"str";"month";"Sa14";1824.24893125531;48.2079134396067;265.4694475
"nov";"str";"month";"Sa14";2183.8518254226;450.944321259277;-214.5209
"oct";"str";"month";"Sa14";2253.45251736819;430.035345212986;-30.4108
"sep";"str";"month";"Sa14";2238.39535551756;401.89670791041;320.2113575
"apr";"str";"crazy";"Sa20";1894.49725151841;157.347106667963;12.820025675
"aug";"str";"crazy";"Sa20";1877.69042217354;144.429364619623;-56.3605385
"dec";"str";"crazy";"Sa20";1834.73860756354;43.4947939523241;-122.613936
"feb";"str";"crazy";"Sa20";1840.55624622781;152.550022669832;151.562765
"jan";"str";"crazy";"Sa20";1822.34602912539;156.967222565382;200.686125
"jul";"str";"crazy";"Sa20";1819.34470908935;5.82703187075356;-6.655839625
"jun";"str";"crazy";"Sa20";1802.38225862342;33.0587552289828;58.01071
"mar";"str";"crazy";"Sa20";1815.02808912301;123.132778268506;63.11477125
"may";"str";"crazy";"Sa20";1753.418112159;50.9161995866954;62.9415385
"nov";"str";"crazy";"Sa20";1739.75166317687;68.3624489767793;-92.09460125
"oct";"str";"crazy";"Sa20";1944.53768450736;257.238567730568;-70.57165225
"sep";"str";"crazy";"Sa20";1903.73166762603;362.803654554855;-21.85728365
"apr";"str";"month";"Sa20";1707.99739798326;-90.6710368304127;81.10273575
"aug";"str";"month";"Sa20";2130.69146654877;66.8579887901369;-46.3720855
"dec";"str";"month";"Sa20";1767.36330104328;321.54115004169;257.3036425
"feb";"str";"month";"Sa20";1646.99036036497;100.405493044295;171.2656875
"jan";"str";"month";"Sa20";1675.16784788187;206.71827988231;232.2409325
"jul";"str";"month";"Sa20";1969.872366767;-19.0077921858511;-42.45109
"jun";"str";"month";"Sa20";1862.7840994576;-161.097845163993;-7.16336025
"mar";"str";"month";"Sa20";1683.27747524307;-12.5069229079658;106.59960125
"may";"str";"month";"Sa20";1750.45965870379;-100.888231308278;54.76746675
"nov";"str";"month";"Sa20";1912.18196931169;356.404713835595;195.101025
"oct";"str";"month";"Sa20";2023.6311437458;279.763484474081;101.136045
"sep";"str";"month";"Sa20";2062.5807854163;195.676546218126;44.964861
"apr";"str";"crazy";"Sa21";1891.66044181955;36.7770179015428;176.4096925
"aug";"str";"crazy";"Sa21";1879.27919653534;54.0942574271662;147.6435475
"dec";"str";"crazy";"Sa21";1843.24735074078;-0.675918068835387;87.36211
"feb";"str";"crazy";"Sa21";1909.29730598464;26.8367176003558;278.01902
"jan";"str";"crazy";"Sa21";1896.95150266006;10.6018269792582;311.4433675
"jul";"str";"crazy";"Sa21";1850.54765550004;-63.7327380376385;161.301565
"jun";"str";"crazy";"Sa21";1855.72350036163;-42.646990599351;194.6694525
"mar";"str";"crazy";"Sa21";1901.23369006169;42.4611788471577;221.3837225
"may";"str";"crazy";"Sa21";1845.83247126095;-60.3161942930769;222.70098
"nov";"str";"crazy";"Sa21";1832.67233371513;-45.8991673726258;88.307715
"oct";"str";"crazy";"Sa21";1908.16463246727;116.920818856054;101.2710835
"sep";"str";"crazy";"Sa21";1987.54134383301;154.578230131785;143.05223
"apr";"str";"month";"Sa21";1842.39515095139;-8.95273906067931;160.1631625
"aug";"str";"month";"Sa21";1816.55095494561;-66.2631868292588;120.02838125
"dec";"str";"month";"Sa21";1839.2581494984;-75.7293508204567;187.1683475
"feb";"str";"month";"Sa21";1848.45014167403;-50.9810094587251;209.26179
"jan";"str";"month";"Sa21";1850.43826077769;-60.6601522446495;212.7715925
"jul";"str";"month";"Sa21";1839.09101420407;-40.1875936648713;110.71245
"jun";"str";"month";"Sa21";1829.76234182317;-19.4642278453401;112.80254
"mar";"str";"month";"Sa21";1846.4364359115;-24.710443973794;196.0978425
"may";"str";"month";"Sa21";1837.96137576578;3.58404850218992;141.25174
"nov";"str";"month";"Sa21";1828.66927141208;-86.6717822973778;177.668795
"oct";"str";"month";"Sa21";1824.06502162036;-75.0125761218044;162.017505
"sep";"str";"month";"Sa21";1826.86917023377;-68.3193402118643;141.95075
"apr";"str";"crazy";"Sa22";1718.49650515141;368.487323000597;84.7145575
"aug";"str";"crazy";"Sa22";1677.71630774386;363.062464652381;-65.196671
"dec";"str";"crazy";"Sa22";1560.72838651667;208.715735152498;-193.91276
"feb";"str";"crazy";"Sa22";1814.22636190856;284.612057336368;291.2055425
"jan";"str";"crazy";"Sa22";1789.22468964297;261.378152023747;377.7909625
"jul";"str";"crazy";"Sa22";1578.39307238732;25.4442440359703;79.4450865
"jun";"str";"crazy";"Sa22";1606.5199840917;99.5330965174726;178.3308775
"mar";"str";"crazy";"Sa22";1752.50275111704;302.084406037745;244.2686475
"may";"str";"crazy";"Sa22";1591.01152194458;111.248245446039;190.79625
"nov";"str";"crazy";"Sa22";1567.77703963283;213.171663404305;-180.4557875
"oct";"str";"crazy";"Sa22";1846.43978229434;475.924503489124;-148.8449825
"sep";"str";"crazy";"Sa22";1898.17237555079;485.230689874379;59.938851
"apr";"str";"month";"Sa22";2055.64110317091;270.054143809182;3.24795325
"aug";"str";"month";"Sa22";1691.78144898506;-63.3999187856366;-30.97826525
"dec";"str";"month";"Sa22";1690.31415114886;38.0168200408023;263.72931
"feb";"str";"month";"Sa22";2007.11164388271;280.568100750063;104.789555
"jan";"str";"month";"Sa22";2006.95529956819;314.352881932493;321.1478425
"jul";"str";"month";"Sa22";1729.17859776594;14.3023165228731;-124.07230075
"jun";"str";"month";"Sa22";1915.24501588065;231.481433009787;-135.739215
"mar";"str";"month";"Sa22";2057.64778895409;299.637994058642;120.1512435
"may";"str";"month";"Sa22";2059.03941487422;297.140532682247;-14.10350325
"nov";"str";"month";"Sa22";1685.17239060189;-8.13713381498752;193.503695
"oct";"str";"month";"Sa22";1655.30718415519;-99.5206302249203;89.00500525
"sep";"str";"month";"Sa22";1678.93242663785;-33.7046831314612;-0.973157033333333
"apr";"str";"crazy";"Sa23";1901.07451130963;336.811974459298;226.47216
"aug";"str";"crazy";"Sa23";1927.70946854112;390.67054276647;68.31610025
"dec";"str";"crazy";"Sa23";1852.92571040594;224.670009858226;-42.016984
"feb";"str";"crazy";"Sa23";1913.2469734172;298.072748321438;364.637025
"jan";"str";"crazy";"Sa23";1924.67145832519;299.951291683405;427.831285
"jul";"str";"crazy";"Sa23";1864.57367358369;138.383683841642;158.84461
"jun";"str";"crazy";"Sa23";1909.96212565899;159.023398575405;250.207615
"mar";"str";"crazy";"Sa23";1905.51583857244;315.79745759939;323.6265025
"may";"str";"crazy";"Sa23";1837.34149520225;167.720047955122;276.7729675
"nov";"str";"crazy";"Sa23";1783.474211804;230.525383452653;-55.51651225
"oct";"str";"crazy";"Sa23";2002.26084663927;602.754189805398;-7.50590525
"sep";"str";"crazy";"Sa23";2032.60197307281;643.34836456615;159.697755
"apr";"str";"month";"Sa23";1774.95751986266;27.2007732944167;61.190534
"aug";"str";"month";"Sa23";2080.81352752309;302.179784843032;-26.279855
"dec";"str";"month";"Sa23";2032.64059701297;334.027771737191;409.061815
"feb";"str";"month";"Sa23";1752.16069068652;71.2255349404053;350.1484325
"jan";"str";"month";"Sa23";1806.98119450767;132.056446401644;417.2471825
"jul";"str";"month";"Sa23";1939.00875153144;199.030179556249;-34.84148825
"jun";"str";"month";"Sa23";1888.86913709371;104.696391294357;-48.39094925
"mar";"str";"month";"Sa23";1698.39612533162;23.8249306161801;145.18833
"may";"str";"month";"Sa23";1774.48131526534;38.0382771960774;-50.553964
"nov";"str";"month";"Sa23";2159.51479746889;418.829118712508;406.0517425
"oct";"str";"month";"Sa23";2185.11523785729;449.850711090005;289.407933333333
"sep";"str";"month";"Sa23";2197.83766805598;433.346060999652;183.798936666667
"apr";"str";"crazy";"Sa24";1875.81202677367;294.932480565451;177.390925
"aug";"str";"crazy";"Sa24";1902.61699050658;304.41332815929;114.31648
"dec";"str";"crazy";"Sa24";1936.38595105866;144.081477275668;-58.767967675
"feb";"str";"crazy";"Sa24";1898.52069210856;202.736293957532;313.91766
"jan";"str";"crazy";"Sa24";1883.69388204756;215.840201753398;366.3979775
"jul";"str";"crazy";"Sa24";1898.51317273505;119.290174404008;141.31558
"jun";"str";"crazy";"Sa24";1941.09622903734;121.568144178668;218.5260275
"mar";"str";"crazy";"Sa24";1897.0032602248;155.610474687233;194.076365
"may";"str";"crazy";"Sa24";1861.34672567327;102.276270606038;201.697735
"nov";"str";"crazy";"Sa24";1838.60367797824;112.060134845596;-52.47775255
"oct";"str";"crazy";"Sa24";1832.66655576884;485.839354133372;-1.14796625
"sep";"str";"crazy";"Sa24";1824.39430357069;463.778519702081;91.82144675
"apr";"str";"month";"Sa24";1866.00623391539;163.504321343085;128.5997125
"aug";"str";"month";"Sa24";1883.32952362341;-277.377583157778;-105.1161245
"dec";"str";"month";"Sa24";2175.97485387008;-198.985607610627;114.53919275
"feb";"str";"month";"Sa24";2092.63714838787;73.7049512345866;212.859285
"jan";"str";"month";"Sa24";2186.23423327785;-140.996520472765;163.1623975
"jul";"str";"month";"Sa24";1830.11845317255;-180.328462606499;-98.775121
"jun";"str";"month";"Sa24";1758.35679163841;-74.9598754534026;-59.1270505
"mar";"str";"month";"Sa24";1958.29033265222;174.117586852867;196.522465
"may";"str";"month";"Sa24";1795.66871283895;85.74217906419;86.205053
"nov";"str";"month";"Sa24";2151.62505203236;-222.981856057753;104.35668875
"oct";"str";"month";"Sa24";2081.09669609394;-267.347261092278;55.73695825
"sep";"str";"month";"Sa24";1991.85778914397;-297.896305203766;-15.4003535
"apr";"str";"crazy";"Sa25";2000.08629812565;241.369396449011;145.4853065
"aug";"str";"crazy";"Sa25";1954.93393203403;228.743942291975;67.08002
"dec";"str";"crazy";"Sa25";1785.31337739106;142.915541219612;-253.888
"feb";"str";"crazy";"Sa25";1990.55339474479;267.191832127482;442.882125
"jan";"str";"crazy";"Sa25";2000.87469743793;311.454260317578;455.248905
"jul";"str";"crazy";"Sa25";1770.08692769521;60.8675007016307;184.6276175
"jun";"str";"crazy";"Sa25";1829.62268469835;94.3581579310735;293.90707
"mar";"str";"crazy";"Sa25";1942.42726350773;317.707096865944;348.16603
"may";"str";"crazy";"Sa25";1790.98983499755;78.2348740980402;330.9726125
"nov";"str";"crazy";"Sa25";1687.15204033407;125.010823827299;-173.028925
"oct";"str";"crazy";"Sa25";2069.98750762481;567.596814128298;-119.06677075
"sep";"str";"crazy";"Sa25";2188.764668988;624.148578747071;17.43523825
"apr";"str";"month";"Sa25";2089.06234767565;344.134028232156;-87.240635
"aug";"str";"month";"Sa25";1879.62242970246;37.1133744552176;-203.95244
"dec";"str";"month";"Sa25";1851.55582183215;-185.761151631986;212.2844475
"feb";"str";"month";"Sa25";2343.31864394298;439.998405513692;209.00954
"jan";"str";"month";"Sa25";2521.0930704434;479.179902901554;240.7184575
"jul";"str";"month";"Sa25";2067.22884171055;83.6519836165946;-189.6375525
"jun";"str";"month";"Sa25";2174.74887390063;142.381647904801;-206.30954
"mar";"str";"month";"Sa25";2245.73355943253;429.741008479783;33.47029675
"may";"str";"month";"Sa25";2198.95109135726;150.673962784732;-110.189813333333
"nov";"str";"month";"Sa25";1817.6540238466;-172.640348668633;77.259054
"oct";"str";"month";"Sa25";1816.65557846496;-114.595377821193;-10.09009875
"sep";"str";"month";"Sa25";1825.48258156557;19.3895255494416;-128.4764685
"apr";"str";"month";"Sa26";2108.88196562145;324.7092198221;261.34615
"aug";"str";"month";"Sa26";2213.89982957884;319.0648725238;-119.25998125
"dec";"str";"month";"Sa26";1885.27540370349;-57.9963678628347;127.163475
"feb";"str";"month";"Sa26";1967.01964716557;131.228106339599;255.4627675
"jan";"str";"month";"Sa26";1901.19716976421;46.3137458462024;251.586095
"jul";"str";"month";"Sa26";2269.18288553314;389.197170883016;-32.74748475
"jun";"str";"month";"Sa26";2275.50980654286;408.60556734468;76.213145
"mar";"str";"month";"Sa26";2026.11661771771;174.768727705635;276.5385125
"may";"str";"month";"Sa26";2231.63955303186;384.180750316312;229.01072
"nov";"str";"month";"Sa26";1947.61452443152;9.29250033350549;-131.59511
"oct";"str";"month";"Sa26";2038.62647663909;132.477811085065;-159.883676
"sep";"str";"month";"Sa26";2144.26438245108;230.337542303998;-142.201815
"apr";"str";"month";"Sa4";1970.68915111325;470.066224569709;205.8692175
"aug";"str";"month";"Sa4";1738.74837588155;238.125449338009;354.4219375
"dec";"str";"month";"Sa4";1769.01795336189;303.396812487083;197.1394125
"feb";"str";"month";"Sa4";1866.27376959274;417.151786945619;167.888156666667
"jan";"str";"month";"Sa4";1821.41187412211;355.7907332473;198.481
"jul";"str";"month";"Sa4";1879.45252767606;387.314882506759;367.83423
"jun";"str";"month";"Sa4";1922.99002751921;436.509236599402;339.778805
"mar";"str";"month";"Sa4";1939.72134068828;464.907811658042;189.7746575
"may";"str";"month";"Sa4";1982.12973931752;478.67838564923;284.8497775
"nov";"str";"month";"Sa4";1707.59666642823;221.115875508414;227.5302275
"oct";"str";"month";"Sa4";1717.79472836436;199.140578900559;257.90713
"sep";"str";"month";"Sa4";1732.39854991543;208.087546202137;317.937605
"apr";"str";"month";"Sa5";1836.34714055119;205.263012878732;278.097033333333
"aug";"str";"month";"Sa5";1882.40996660982;131.824792916826;78.9319035
"dec";"str";"month";"Sa5";2045.62317297497;404.993103756488;333.1503775
"feb";"str";"month";"Sa5";1887.32256139147;307.150121964444;343.33202
"jan";"str";"month";"Sa5";1987.05575585799;368.416707534407;323.003992
"jul";"str";"month";"Sa5";1849.68036958747;119.601292548895;89.997931
"jun";"str";"month";"Sa5";1854.07777944984;127.298534056795;166.120806666667
"mar";"str";"month";"Sa5";1851.48300673354;293.584430913883;316.302975
"may";"str";"month";"Sa5";1826.06584336701;188.617754663866;229.985875
"nov";"str";"month";"Sa5";2054.83614854433;380.618507219487;261.9700725
"oct";"str";"month";"Sa5";2041.06690744942;329.019053331101;133.835746
"sep";"str";"month";"Sa5";1952.75348919613;217.488962428851;67.497814
"apr";"str";"crazy";"Sa6";1946.64973102174;246.976245574185;184.45568
"aug";"str";"crazy";"Sa6";1956.58038898505;288.019601909702;83.131581
"dec";"str";"crazy";"Sa6";1918.06282279187;202.479434767615;-123.05896325
"feb";"str";"crazy";"Sa6";2050.32245632709;95.0298694805932;424.0440425
"jan";"str";"crazy";"Sa6";2093.45048442184;234.324419816711;429.7055725
"jul";"str";"crazy";"Sa6";1988.66152860718;53.5214850245025;178.24144
"jun";"str";"crazy";"Sa6";1993.41820763995;94.6941632883804;196.97053
"mar";"str";"crazy";"Sa6";1993.94465164375;150.374936224728;345.8045875
"may";"str";"crazy";"Sa6";1932.3992764856;77.1622991769974;175.6907225
"nov";"str";"crazy";"Sa6";1971.13730920399;65.3421970405493;-102.469023
"oct";"str";"crazy";"Sa6";1885.49172180999;407.849765655007;-73.645118725
"sep";"str";"crazy";"Sa6";1926.16514750779;430.845521823141;149.6676375
"apr";"str";"month";"Sa6";1728.03965026688;132.310861653747;24.7083875
"aug";"str";"month";"Sa6";2090.12466954837;499.345628403539;-24.18831405
"dec";"str";"month";"Sa6";1900.02511994507;268.233885491421;398.2836325
"feb";"str";"month";"Sa6";1791.12197734505;105.944180911817;274.3616125
"jan";"str";"month";"Sa6";1768.90095582743;93.9762077214035;352.28366
"jul";"str";"month";"Sa6";1968.09925408677;461.465919903142;-101.06619375
"jun";"str";"month";"Sa6";1758.24750581051;270.35250132832;-138.778385
"mar";"str";"month";"Sa6";1714.85353361792;120.538958567156;129.0299535
"may";"str";"month";"Sa6";1710.35542762512;149.27487129013;3.07040275
"nov";"str";"month";"Sa6";1997.5844436716;408.926722870327;348.346655
"oct";"str";"month";"Sa6";2131.9493161744;517.482197859824;170.7494675
"sep";"str";"month";"Sa6";2080.3825041028;510.109559612384;99.85135625
"apr";"str";"crazy";"Sa7";1784.6637499059;479.791550620833;157.43691
"aug";"str";"crazy";"Sa7";1743.63960767099;464.223252508639;113.01297
"dec";"str";"crazy";"Sa7";1678.32902225157;418.240252441653;46.696027
"feb";"str";"crazy";"Sa7";1818.72956967678;424.761915962207;255.696923333333
"jan";"str";"crazy";"Sa7";1778.27644680897;419.664132153725;222.184476666667
"jul";"str";"crazy";"Sa7";1714.99924310538;389.856649426295;142.605203333333
"jun";"str";"crazy";"Sa7";1730.79083540387;389.149083497106;183.963923333333
"mar";"str";"crazy";"Sa7";1789.7068533827;424.023470915585;217.30038
"may";"str";"crazy";"Sa7";1707.29528031182;375.553023341663;163.02377
"nov";"str";"crazy";"Sa7";1669.61351174128;406.22491028582;47.6558245
"oct";"str";"crazy";"Sa7";1802.18145443969;539.264257505027;55.6167206666667
"sep";"str";"crazy";"Sa7";1811.04107696538;522.196631387208;141.948143333333
"apr";"str";"month";"Sa7";1696.25622398961;257.151587409298;165.9875425
"aug";"str";"month";"Sa7";1985.54376045864;525.225920442729;297.2639
"dec";"str";"month";"Sa7";1810.69853794142;468.585381513856;26.280926
"feb";"str";"month";"Sa7";1673.80574366985;290.208989412679;30.0182455
"jan";"str";"month";"Sa7";1736.66815841775;310.998550679977;-11.0717275
"jul";"str";"month";"Sa7";1865.96383703023;333.87465872388;205.4537275
"jun";"str";"month";"Sa7";1755.90196756349;261.996555441214;281.692515
"mar";"str";"month";"Sa7";1687.84601967787;230.356606786702;86.56281175
"may";"str";"month";"Sa7";1737.13345005934;180.295534411466;202.1575
"nov";"str";"month";"Sa7";1982.91157491111;582.344257905462;-45.8584565
"oct";"str";"month";"Sa7";2044.85442769567;617.063499614337;114.2426782
"sep";"str";"month";"Sa7";1991.58307108841;546.468026868007;283.166945
"apr";"str";"crazy";"Sa8";1894.14129255055;276.84574711122;116.6861725
"aug";"str";"crazy";"Sa8";1874.21446820111;299.69888302357;78.744764
"dec";"str";"crazy";"Sa8";1813.59288969203;145.032102616683;-18.47901775
"feb";"str";"crazy";"Sa8";1930.81889813294;290.89593569565;347.39019
"jan";"str";"crazy";"Sa8";1932.94330322984;273.574904309913;338.784565
"jul";"str";"crazy";"Sa8";1825.8918779515;64.3465491501153;103.38938
"jun";"str";"crazy";"Sa8";1852.36848993305;126.178500190994;140.2718335
"mar";"str";"crazy";"Sa8";1921.48988916922;286.516674200231;303.3075025
"may";"str";"crazy";"Sa8";1837.37133758329;118.252415653104;196.99657
"nov";"str";"crazy";"Sa8";1806.79681111118;194.097459749564;51.89851775
"oct";"str";"crazy";"Sa8";1894.06451436591;418.543878554492;21.9028085
"sep";"str";"crazy";"Sa8";1901.32483259025;439.592779011965;145.6476915
"apr";"str";"crazy";"Sa9";1882.78363648123;115.22790003976;7.766341375
"aug";"str";"crazy";"Sa9";1840.24070265513;98.8479171175706;-42.45024075
"dec";"str";"crazy";"Sa9";1931.7720984033;138.053411057935;-175.8679575
"feb";"str";"crazy";"Sa9";1949.53654885013;190.819647173491;358.78532
"jan";"str";"crazy";"Sa9";1916.28250858263;223.680090946933;212.210205
"jul";"str";"crazy";"Sa9";2053.84926188369;151.94323701678;31.30684585
"jun";"str";"crazy";"Sa9";1908.53653757693;135.323946885973;195.21866
"mar";"str";"crazy";"Sa9";1941.92185593067;230.581108593535;195.55428
"may";"str";"crazy";"Sa9";1953.22502783151;352.900045140661;191.1014675
"nov";"str";"crazy";"Sa9";1859.51786822994;351.470320483936;-127.14399375
"oct";"str";"crazy";"Sa9";1751.90346998826;9.80357766951062;-145.3946675
"sep";"str";"crazy";"Sa9";1737.18689318986;-9.50919320660017;-101.597211
"apr";"str";"month";"Sa9";2086.34952367079;509.359064759104;42.5365695
"aug";"str";"month";"Sa9";1806.57966922528;80.0361260926296;-130.24221875
"dec";"str";"month";"Sa9";1840.62933738091;114.439347638856;295.7773225
"feb";"str";"month";"Sa9";2053.83261729717;435.476411686063;317.7934825
"jan";"str";"month";"Sa9";1938.07407379947;264.209985865221;356.4868425
"jul";"str";"month";"Sa9";1905.62462695073;293.632382370299;-99.937386
"jun";"str";"month";"Sa9";2009.06777471302;416.16741322463;-97.91764375
"mar";"str";"month";"Sa9";2097.51747978451;488.707215719422;209.0507775
"may";"str";"month";"Sa9";2066.11757761875;485.945138191721;-45.5406315
"nov";"str";"month";"Sa9";1806.32781016419;75.1880729538271;249.7365425
"oct";"str";"month";"Sa9";1791.95364452128;47.3788784683732;126.80658125
"sep";"str";"month";"Sa9";1770.6810953813;58.2796878723866;-1.51441825
